{"N_FUTURE": 189, "tsla_last_price": 411.8399963378906, "tsla_forecast_final": 265.896240234375}