{"weights_max_sharpe": {"TSLA": 0.0, "BND": -1e-16, "SPY": 1.0}, "weights_min_vol": {"TSLA": 0.0, "BND": 0.9453990469287102, "SPY": 0.0546009530712897}, "max_sharpe_performance": {"return": 0.13906957527414252, "volatility": 0.1733125713277333, "sharpe": 0.6870221494145539}, "min_vol_performance": {"return": 0.02577423845669706, "volatility": 0.05127631464553583, "sharpe": 0.11261024698466256}}